Velocity (mm/s),noisy_0,noisy_1,noisy_2,noisy_3,noisy_4,noisy_5,noisy_6,noisy_7,noisy_8,noisy_9,noisy_10,noisy_11,noisy_12,noisy_13,noisy_14,random_noise_0,random_noise_1,random_noise_2,random_noise_3,random_noise_4,random_noise_5,random_noise_6,random_noise_7,random_noise_8,random_noise_9,random_noise_10,random_noise_11,random_noise_12,random_noise_13,random_noise_14
-0.3364381687753003,1.1146403180435625,0.9932602732104462,0.9880741597519506,1.0865078840643958,1.1723978884377235,1.0296068599546107,1.0254201823708537,1.1667421225224088,1.0578889970085252,0.9458528604263757,0.8360532541263116,0.9462062796123984,0.9547486339082072,0.9586449235624654,1.031625241884025,0.7549024713841677,1.0877303271267234,0.9929361076005181,1.1308284165378522,1.1822067084243166,0.9212014889122894,0.9648888011777226,1.064423477980644,1.033384590155393,0.9026457965493334,1.0034207895781053,1.0758579870593237,0.8900137645400211,0.871126713277201,0.8647029976944672
-0.3311399298956245,1.0293745985294607,0.9894709850082197,0.8137539712653369,1.0072757799517864,0.9038528607569342,1.137369113711983,0.7516511197850932,0.9644735069076419,1.2208290177962353,1.0956725163937022,1.202477695229482,0.9605989100587549,1.1317568355136642,0.7956085982948399,0.906804786139863,0.9463573835402659,1.1972854997533628,1.0874572842379076,0.958091127399349,1.0286792442796715,0.9836401953121504,1.013598719037233,0.9820672169133672,0.8821705940413473,1.170730623657735,1.0337635424676668,1.1596852257848629,1.169375140583535,0.862077659834822,0.8935355913905414
-0.32584169101594884,1.0519463952171573,1.1409358969748777,1.1461373159986203,0.9043169579602547,0.9643150807896006,0.8962582215538496,1.098277328848067,1.085960116110712,0.9710778428625113,1.2546258887513264,0.8792049954380726,1.0159941974630233,1.0809982594630954,0.8057896709914839,0.8024136318740468,0.9006469628893131,0.9336100092944519,1.0449598766383124,1.0165686206497746,0.9811511500618577,0.9112070344522284,1.0324932823475264,1.0840047500553138,0.9509084120696788,1.1616234895048254,0.9487498998391828,1.1065998889686732,1.1198691263380145,0.9172420003334728,1.0862689517751416
-0.32054345213627305,0.699728757375277,0.8409527108344966,0.9731940867888754,1.1276025302264154,0.8755175981598182,0.9274605288993091,1.0903657170603605,1.0557721446530126,0.8785039003989411,0.7259201422132202,1.0654634373213432,0.9014850341939644,1.0134365010321673,0.9301615511466532,0.9439584183257156,0.8801414181583427,1.1491794391532621,0.8313460117779728,1.036286350888399,1.0159788459484154,1.1204536528576763,0.8800022120782275,1.197535906362521,0.930621821242042,0.7918435516867105,0.9735023156127777,0.8963406414751635,1.0830609623767895,1.1376873099248368,1.23639342841932
-0.3152452132565973,0.859676103572697,1.0971026624467575,0.9366946842228915,1.0914315895383653,0.8614943816562598,0.8762737629789743,0.9707174496704428,1.0293881910374307,1.0080850010878621,1.093686882785966,0.9873437932277705,0.9720487528921169,1.101272693604273,0.9722915176349264,0.9547352176433948,0.8156197558489791,0.923384443639469,1.196949927838723,1.1671475836863598,1.0786012743393856,0.7607824768344619,1.0735581357784758,0.9696304711892493,1.1112915123946001,0.8095827924334488,0.8350701347361633,1.0534430155706365,0.8632013515558945,0.9795847917369763,0.8130276406958412
-0.30994697437692154,1.0663394894069738,0.7727146049564181,0.8643653613042719,0.8580539226945305,0.8079302563790585,0.9652182257050904,1.0291059975830308,0.9869401017913956,1.1898182320320663,1.0543625589134016,1.0332493130851892,0.8952795600086694,1.0692181906589775,1.0269237372360935,0.8282601541079392,1.104441138041647,0.9002916849430053,1.1283794418010322,1.2107997942332445,1.3142315751120839,0.9394301124659947,0.865089354026912,0.9696326005630658,0.9464328943716704,0.7775565620293454,0.6631866592877526,0.9771526104335394,1.2331683064459242,1.1418558181524519,1.0303247384526957
-0.30464873549724586,1.1064199202440992,0.9589548082187485,1.1037614487733245,0.9381375482817452,1.058130799651922,0.9056445502636261,0.9817177439115372,0.9623780991698294,1.0288335253654852,1.0841782555076063,0.7632376800481059,0.8854039229991352,1.1749578492509545,0.9662183351464263,1.0227085918635836,1.1490065662779632,0.9565495456460893,1.0360150180015169,0.9391463333141618,0.751417213771682,1.2973343929250252,0.9800683366582448,1.2048227968335956,1.0646147107110895,1.2410829437715485,1.037571411510786,0.9905096467533892,0.8686422673411112,0.7308928860462794,1.0440483899040354
-0.29935049661757007,0.8502231520140572,0.9455219677260153,0.834190632352069,0.829857137296401,1.0134553586523585,1.2110172051384003,0.7501599298402695,1.0066798778038528,0.9368367569919156,1.0885619288019495,1.1786309940525186,1.2124842604620971,1.1886341819321802,1.2331638005006418,1.1011186943235247,1.1516740446148592,1.0120619627333673,0.9418182747288731,0.8379536554769214,0.6857999320123116,1.0633983219225058,1.1024432269613615,1.0995357472208886,1.2607214354122347,1.0113600992162621,0.8867329989492791,0.9266334652172576,1.1068233686888695,1.0908716108488874,1.0299882567333725
-0.29405225773789434,1.0291732895814756,1.1088131027226151,1.0448957556588736,0.7966114620561581,0.7578448737966152,0.7034611659123592,0.8638691454678494,1.0696858325910943,0.8582168974329246,1.0681178891309457,0.9821829461608562,0.8751682565594968,0.9317940274761364,0.9527400052821142,1.0259659437048247,0.8959799572715662,0.8213323255621605,1.1247663484764605,0.9662230288824583,1.0838239076561074,1.0921211315518338,0.8409606629811953,0.9391095007432317,1.163792258409829,0.9932138477455633,1.0511109477329017,0.9878776234292216,0.9617840554048485,1.2171994584633274,0.9987126277529771
-0.2887540188582186,1.0062245412117283,0.9531200101151666,0.8835600599225478,1.1793164232777518,0.9825453389416915,1.064794656802122,1.0336243467574537,1.1089559531250583,0.8891085716822342,0.8346869248720719,0.8144495085096977,0.9438160708876149,0.8674448288506165,1.0082252346185725,1.0118517687038715,1.0937048443538573,1.029560670997958,0.8926636297416832,0.9808628160256726,1.0261344915471242,1.1369020784864259,0.8770441572316673,1.0703696578992934,0.9430341404837244,1.0720442824830962,1.1212825345338717,1.1111913504113147,0.923156981562578,0.9484660439405872,1.2339577951552014
-0.2834557799785429,0.9860136001293159,0.8679032238085099,0.9488646191257376,0.9014124598236711,1.0308214605555632,0.8291240251538553,0.9653184365114084,1.0157709844529468,0.9771927035673889,0.9289546826833884,1.144235907836122,0.9815336551832815,0.8575981846062648,0.9167959950836997,1.0401070889353983,1.006872381512188,0.9234560606071706,1.0693446471515464,0.9377206496176933,0.979674409933254,1.0070132432674876,0.926116282449297,0.9398950496019602,0.95506724776149,0.8750472151835144,0.9979657044081787,0.8881702432740426,0.819234575997398,1.3013948374132767,1.177408407620084
-0.2781575410988671,0.8753058517292924,1.1097477958918378,0.9082846523735552,1.0214068958166196,1.1744870223280064,0.9080906954659224,0.7722306383236237,0.984566535261611,0.6252695487274119,0.8580470267880834,0.9507588428826573,0.9207633649842828,1.1809097528363837,0.857157694783479,0.8731510454307875,0.8467576623061978,0.8317878039569488,1.1593208289021248,0.7784184320238275,1.10013379520077,1.0334563775503354,0.8732643010900075,0.9395951769399538,1.0590546411528912,0.9766124321395372,1.0336694151241694,1.0021375870748066,1.1432113305746967,0.8703395280251622,0.9661015101816481
-0.2728593022191914,0.8323352845938959,1.1331361967537477,1.0050503329209257,0.9718183131074768,1.051839685787596,1.2009776232666287,1.0511785199168304,0.8612358021542554,0.8499347553755939,0.7514202539438305,0.8358363496035602,0.8084606466161216,1.1574734696344964,0.9294387331071884,0.8431336166105154,0.9123036678870838,0.7927328929768414,1.0673907619669123,1.1429134454460552,0.8239189435031808,1.0762997182107925,0.9000496064473991,1.031382337265571,0.783575614846667,0.8465126607556284,0.8089121741467672,1.202993812818204,0.8790761174913373,0.9274790562551183,0.9419458347827491
-0.2675610633395156,0.8232071273972655,0.8423458149468921,1.0225035552660433,0.9360237611113553,0.9414812186839003,0.7616825555954059,0.8289906383183478,0.8025467325511925,0.7065924482011112,1.0099919408834943,0.8316029015301954,0.8136560898726072,0.9855103770068669,1.058983768572983,0.8754531701626177,0.9784405274911236,0.9614262592916324,0.991782924316516,0.9935033780223531,1.091012253002927,1.1148155581394597,0.9956276690940118,0.7518488914292615,0.8881881146963386,1.0785259121445046,1.1040093182189699,0.9391554545315469,0.8776732702852656,0.740155828074702,1.0739081477035235
-0.2622628244598399,0.768815101989273,1.0152295650206704,0.7964385646358131,0.7983200280970536,0.8686016681008042,0.9382908767737169,0.8130987841395116,1.0820082563229148,0.9580280408143167,1.0518552457395653,1.1017151416413449,1.0786648512744075,0.8568964848933751,0.7931415279529486,0.8997253197667423,1.060626017159494,0.8117339500302678,0.995487325906036,1.329687923736992,1.136615471157259,0.8680949007936333,0.866038878830658,0.7762793644440195,1.0639301919987818,0.8765715893095107,0.7729286408520315,0.9491188697163524,1.056627522657844,0.952522388724029,0.8691308091276689
-0.2569645855801641,0.9632434838877695,0.8763457491104244,1.0647228675508704,0.8059807083626621,1.0389548012422765,0.776404801698642,0.8032209301104944,0.8660330925302344,1.0876959470264793,0.7891399118998705,1.0277025012871548,0.8897144016302402,0.9467696332286762,0.6561917203011436,1.1598036676507442,1.043283134875717,0.9740780654650314,1.0059098195657,1.1568897654308599,1.0350067388679451,0.9826601074182554,1.1481720311371268,0.9270717010191023,0.9838766395305497,1.0468027783794853,0.9357921109957319,1.1059211381803726,1.1031055312088667,0.8370596091483545,0.8535756375020329
-0.2516663467004884,0.9339632397387869,0.9599282738012983,1.0335233862963438,0.995052551196165,1.1222379320011875,1.090664068131509,0.8660590550508237,0.9048866076119956,0.857761824430976,0.9881507535755889,0.9036090277904838,0.7184341985559406,1.1298005151241384,0.8199358070446453,0.6761757721901939,0.8897999752653166,0.9283092787471162,1.1878078460623371,1.251496695572551,0.8740808804367572,0.9431676471761756,0.9209122192045804,0.8686365126030541,1.2509858220167565,1.137560407863826,0.8691851809803012,1.0099058219413488,1.0933229462889325,1.2647058245543008,1.137422194213608
-0.24636810782081264,1.1475246563921566,0.9819208603799058,1.0839629960599124,1.0920763812201542,1.083086052382498,0.8167256009614015,1.2964328047834917,0.9126069959987362,0.9157699925612274,1.0033233968049111,1.017450053943775,0.9558732528231827,0.993787926956194,1.0546812022803098,1.0803334118316685,1.0089081052645417,1.2540108613502543,1.2455863423187126,0.9614519806505963,1.1359095344051786,1.0639992758516514,1.1905822768899559,1.0407576590866134,0.9197884205148131,0.9848054444581511,1.0032741532387583,0.9870179938499343,1.0113697333197538,1.0772085605366866,1.1336474857087613
-0.2410698689411369,1.0950973982871448,0.7992209730639405,1.154744241244795,0.7276718724574865,0.9824796317122736,1.0957970320030221,1.0247084272211286,0.9312344423429523,0.8929139854657994,1.2293098598732934,0.6964090536603808,0.8886906658808511,0.9501147363314905,0.8342250755519744,0.7790405347113138,1.0024100689258972,0.7788842352410604,1.0522730078527442,1.1713214954587412,1.1581269225283364,0.9741886564480372,1.1935994003549375,0.8822299129577802,0.8642257162014461,1.1070881532079822,0.9842406459940716,1.2106001618438593,0.8284404575390412,1.2021743511413803,1.0184648092559965
-0.23577163006146112,1.0267478326843948,0.9829084889058184,0.7840987713764364,0.8545044675494348,1.040660343183279,0.9209735112688788,1.2420931695388058,0.9093633916301564,1.0285881651068127,0.9493763192324582,1.0947947368523208,0.8850060550573997,1.0921278000177361,1.0186928273246554,0.9390859013970342,1.1706237203926173,1.1184711068931954,1.0249575288312,1.002559733772916,0.9932971423861248,0.8346355185290182,1.09171364711939,0.8168251984499048,0.8846172214204089,0.8430880291139481,0.799371631007222,0.8266514837188925,1.006717642802134,1.2393942454681763,1.0768960157265155
-0.2304733911817854,0.966672067518343,0.851496104427645,1.2282566545929763,0.9623917782057372,0.8160257467373717,1.284329157992561,0.9972930401190739,0.9180327075650891,0.9761315203702178,0.9563880794634201,0.9876732654434908,0.8678400641281129,1.0536192540606322,1.1877728022971261,0.9960924732254176,1.1510704453567666,0.9102581721652595,0.9606112240090476,1.0630885995964607,0.856257934686961,1.0380659864053612,0.7589551145245322,1.1900936194782445,1.0018210478470808,0.8455925142341943,0.9212797914499296,0.9824734413130389,0.762028339309517,0.8561498460292678,0.8689210565626899
-0.22517515230210963,0.5876325909942556,0.8732544329096255,0.79416937440164,1.137380691979425,1.0747468326049674,0.6648965391666529,1.0372032128362982,1.061229580721661,0.9017463720580526,1.224150663893786,0.9410000535544437,1.2008718809786134,0.8958537191542596,1.0912610297943106,0.8318528625193765,0.9558596095698296,0.9129002429742008,0.8884882520879394,0.7578733930589775,1.042969546709796,1.0141307791863754,0.8222310562247621,0.9707169718544004,0.9791405022737475,1.0285172212929854,0.8192234719661076,0.9379595487827986,1.0424760633482084,0.800878940798346,0.7603980989887547
-0.2198769134224339,1.1598801147512696,0.9538450258620955,0.9292503852037989,1.083886906083928,1.1954920060931675,1.3822073934117471,0.8869609673887124,1.0391541420719161,0.9896235527634668,0.977892096141913,0.9583771587994176,1.2718258850240645,1.0644291686875345,0.7464682811621121,1.0134461890094943,1.0072934212765572,1.0706234245537274,0.9653252978280686,1.0536534391286183,0.8233802284237474,1.004114941919402,0.9571854325379129,1.008758360883038,1.2892760853588803,0.9723845378512722,0.9185883336980036,0.7931328552810613,1.061767635964981,1.21502974820393,0.9701686373294339
-0.21457867454275814,1.1981281763934049,0.7629445017207491,1.067525152057767,1.1298178731988617,1.0149596560604275,1.1126005879882996,1.160178773903681,0.9684721683779322,1.046465516001306,1.200056515000048,1.1629278437205273,0.966179875653489,0.9675133699013077,1.067150161166878,1.188717063986538,1.0292963028953634,1.2901745388645598,0.7316329619100904,1.0184071564417991,1.0147571453996456,1.1650604994766758,0.8034679546165828,0.8152111574714693,0.9482349706601243,0.8169295490503051,1.0431421576008972,0.8872965845328153,1.021845077448034,0.8820566176132635,1.0488829259131622
-0.2092804356630824,0.9976829825962171,0.8353919895100281,1.167471129986626,1.061441685873634,1.0457222397659958,0.8220661169691881,1.2216463454227593,1.0792250489664523,1.1267145600129091,1.074880970597146,0.6475917120789731,1.0120006220609274,1.0349241193335728,0.9452856916039526,1.0051868006118463,0.9512822946669576,1.020331882650821,0.9078964757269017,0.994008364930996,1.0726330267951902,1.1389660426202783,1.155646966143471,0.9293939416586384,1.0070614217610263,0.9373577003368505,0.8000857994606965,0.9957558695319301,0.8881458539824129,1.0493564901999435,0.9390392052532726
-0.20398219678340668,1.0150250995501573,1.062703306887554,1.1150601729708907,0.9066484645321626,1.1912827574969764,0.7717514507371896,1.1089314290969028,0.87227470024858,1.1235881252850999,0.9141374423162065,1.2452139195393634,1.0045450357150192,0.9625901172800203,1.0028410076987548,1.22057816855828,1.0717643477980736,0.7898621458483106,1.0806146385963529,1.0552730509779535,1.2539547053706614,1.0539313051336534,0.7636075728033112,1.0143865822473717,1.1146777625658282,1.1558677009361802,1.216636717609997,0.8018932025590003,1.1176949163057963,0.9395275471322752,0.97166161227348
-0.19868395790373092,1.0158228844041284,1.1149722159782414,1.0779677561596386,1.0122357334723497,1.0299055217414164,1.10038377303899,1.11436480958688,1.0854526229419352,0.9228164323345329,1.309023957665939,1.217830411696452,0.9292247655346743,0.9629969378923375,0.8682057211037287,0.9260322182325355,0.8221947069838301,0.9356745439133131,1.1584259127710985,1.0838325781134805,1.2676379184676518,1.201122010943365,1.0349389864646523,0.8507169386227423,0.9859949967726069,0.9084578406969077,0.9352092509160341,0.9838397176108692,1.054848455630457,1.0136289734246136,1.0448655922286922
-0.19338571902405519,1.2279762956226332,1.1355814016966572,1.0966881168627862,1.1900586817630578,1.2373736466666005,0.9855855197704384,1.0517854363997137,0.6797098843108805,1.0746322447999597,0.9862117427591542,0.936520214522299,1.029001958412924,0.9071861753103231,1.0507702463730622,0.9846840282620232,1.1274481530350877,0.8674244494904032,0.777377216073575,1.1098682793135453,1.075354800252682,0.9596143724304171,0.9420990709441716,1.0487277700172892,1.0720618369717154,1.0032660040818222,1.087304355561366,0.9660253772199348,0.71304951328369,0.9445184117972432,0.9728484031348952
-0.18808748014437943,1.0301511372336978,0.9527547350078122,0.871215131698759,1.036007505928391,1.059620724533257,0.9462918227719418,1.0527084504463486,1.1077415989949024,1.0272472763390739,1.0450939474319851,1.141942946749451,1.0932122321258617,1.155339441643654,1.1205770402049253,1.1389311225633316,1.0374440389088386,0.7150331442314058,0.9486584700079718,1.024629014689897,1.1298298847085535,0.8211135493864657,1.1445256939909374,0.9220975823222981,1.0512191142759144,0.9492709520841093,1.2915756441373691,1.1290963548410893,0.7854506732265695,1.0563096933967622,1.052772342869716
-0.1827892412647037,0.7316138388928266,1.0900559499657525,1.0027211805887493,0.8410211214693477,1.1341914827056092,1.256748545851739,1.104720408334001,0.8835334398310658,0.958855289381119,0.919381975927244,0.7791381328338297,0.9654365810363388,1.0869716806848686,0.9356168102330075,0.8608375205958069,0.792829937126027,0.9672323710940994,1.16520782638691,1.0907010773773687,1.069748746495796,1.1778707597424156,0.8209108694809174,0.9621675248168866,1.108584905452821,1.0250500091366397,0.7854432790562937,1.0411851505553362,1.0416821467755266,0.9279381835957838,1.132183665224861
-0.17749100238502796,0.8696656755587955,1.185241232803933,1.305032838153331,1.1656172889059715,0.9339557596052755,1.0126362184982838,1.1164811811981743,0.9616226922363273,0.8935624355554065,1.1942411308610383,0.8420553468803079,1.0501031471597035,0.846277826088971,0.8023540005165611,0.8285075589940041,0.9562854621087208,0.8621996168484154,0.998746051265169,0.9128878427903109,0.8801470623523564,1.003594181904574,1.1316998492013155,0.9219590735460846,0.817399186715096,1.0453027893942042,0.9384710390468157,0.9950376471769165,0.9399914601420467,1.1117964058968777,0.8643746273622802
-0.17219276350535218,0.8252209378017966,1.1162689298873878,0.6486073851184537,1.0243775207888828,1.0322947566507577,0.7314836256334891,0.8186039904657374,1.1851803464220625,0.9727845603758477,0.9586208257422836,0.798314989784638,1.0535692353836936,1.1213034904134025,0.8109760713673382,1.0481290585259642,0.8940622685623194,1.2389997336737422,0.9820961623559293,0.9024842168116266,0.6548013631337193,0.9584443991534866,1.0290631856013035,1.2402391840665759,1.1047775035107714,1.0766767193714608,0.9608418045745829,0.9911547696342284,0.8598274548150261,0.902627072990434,1.2102098971134687
-0.16689452467614216,1.065881849870264,0.7732972818523913,0.918412934258899,1.0401205086427563,1.161066422894392,1.1511008583717515,0.8671871267504323,1.2728663632407913,1.0660386347387987,0.7160913830730075,1.050428690512154,1.0870462203226312,1.37286603457649,1.1670923524211032,0.9552615188331757,1.140035353673302,0.9327141656312248,1.0576077891312823,1.2048317300896818,1.1020448178987383,0.8902522907203865,0.9164021716194604,0.9982494193985965,0.98206470807887,1.0674967958485946,0.8792465305446223,0.9426371337795685,0.9593037137053212,1.1214477051954224,0.7627455415323158
-0.16159628579646643,1.188675050568344,0.7122507639844703,0.9187007739030627,1.1772369699354452,0.7649805124223527,0.9795000555552065,0.8830639487184988,0.9067104188489782,1.1135961402092098,0.8334889040492391,0.8001675912918748,0.9193830175641975,0.8267626763296179,0.9050323309128286,1.1084246579138943,1.0556619734765376,0.8579298942632526,0.7344967859208726,0.9224061184530942,1.0645712295643872,0.9437845725227207,1.0858001933241335,0.8628156328375527,1.0242769315059965,1.107030766271191,1.1440941143302594,0.9378355444589502,0.867985322698202,0.8298158553388717,1.1601993153793384
-0.15629804691679067,0.7999159881412242,0.965960538365086,0.8059249713293362,0.8479730843333428,1.0933506391028758,0.9655891739718938,0.6771653972281,0.9260882764021093,0.719983532869595,1.0193957708746821,0.8304159044800784,0.8642489445725783,0.873722657892752,0.8249592290208332,0.7740960035245652,0.8381270752450602,1.183549639082563,0.970679833299017,1.2732025949134602,1.0336598931230605,0.8265875606804302,1.167696635430146,1.1066834993762948,0.9498507104573665,1.0552782965708376,0.9753982530542434,1.0066814047097408,1.0647747745945069,0.9386698376365679,0.7101882298266006
-0.15099980803711494,0.7057960140723439,1.0583243860625866,0.887925300186284,0.8209714143521111,0.6470266589859796,0.9548156258957625,1.087266917702541,0.9610890250522349,1.0222734562263303,0.8993278931338171,0.7995865153080285,0.8776726176066537,0.6754984802946783,1.0003007043859184,0.9314175075407811,0.9115274920357276,0.9892071418826313,1.2111444370275757,0.8418340090033885,0.884143751415636,1.0271294841305667,0.8838786543788476,0.8416574331033031,1.215177459036793,1.0253743744145987,1.1658088291551993,0.873554428225133,0.9961159934940725,0.8732546697994109,0.9589044901417534
-0.1457015691574392,0.9635766225208487,0.8958375719538685,0.9113077364635369,0.5906040313609132,0.8828058995154552,0.9254508703693592,1.038032939821652,0.7950856083026113,0.8246904547688094,0.9669365373929534,1.0356802773301361,0.896585256147025,0.8988696778405667,0.8031828020665845,1.0125804329024815,1.0564078890087256,0.8309811348212425,0.8971383337169564,1.0280092760093884,0.8734416734813549,0.8152665240877133,0.9262905060678434,1.027089462082315,0.7344965665014725,0.9333200103273899,0.9281365854863023,0.8141174572619159,1.0061075536065995,1.0346825244329154,1.1680656471563502
-0.14040333027776344,0.7081386192383688,1.0160057731650065,0.8680160213904725,0.9169431354620494,0.9765280474091745,0.8209801881300772,0.9226137969860642,1.0866113032168319,0.9556141608468868,0.8486432319853351,0.6626325600482911,0.7524985940741368,0.9421037857105306,0.8478857356211233,0.9489443981111345,1.1642725426662273,0.7351159443853711,1.2281447279168498,0.966515246052646,0.8654708455257117,0.9282144395943452,0.7261245769615349,0.7458321565638182,1.1814904337006045,0.6013447120264331,1.045952817390088,0.953435402984775,0.8481404381293552,0.9262723737796947,1.022387388528356
-0.1351050913980877,0.9461698403855808,0.9357225606985563,0.8957626659434234,0.9803051229330981,0.8331000458430524,0.9359271371661689,0.872619818890482,0.9601039978458031,0.9050009109753128,0.8482118341736667,0.8189236893454646,0.7715082540083488,1.0932714872198652,0.7640965211982477,0.9743181978346426,1.0983024839305366,0.9677270712756457,1.0078436545954077,0.9843866795389999,1.0527594626787578,1.0097013317683756,0.89386606163917,0.8277351990945351,0.9119332516372235,0.9487481451600804,0.9428964886105885,1.058921897441233,0.7519465489463251,1.079506331542454,0.983611522210592
-0.12980685251841195,0.7772012273276507,0.9463264724979721,0.7835855598960905,0.9156696644478408,0.9546076904939705,0.6773861328198065,0.8268147500596138,0.9451988696835326,1.015095444565556,0.9704296702192406,1.0240126899652249,0.7848569620694292,0.8338884477634605,0.9588737115077676,0.8506875455140891,0.9985540434506023,1.0396599459144653,1.0463818517991872,0.9892452899096615,0.9132726416314231,0.9344214614972567,0.8751795190814684,1.0255327645032293,1.198308301775221,0.8968372825635103,0.9449492841850159,0.8955274737070423,1.0352188358503875,1.0349598175113999,1.002253520767155
-0.1245086136387362,0.8948349003950002,0.9745934461060437,1.0120443643328074,0.9390246109701855,1.0960726821586582,0.9516616497519018,0.9738836975831676,1.0625103467805572,0.8754189850715937,1.0094838240653436,1.0692755873705595,0.9391455843801926,1.0551311173493143,0.9374138015016147,0.9632928748714666,1.1710122082797703,1.1223837752339838,1.0086337357991548,0.8794845112182025,1.0781879173568591,1.1364965529564515,1.0161477798455882,1.0957785985508248,1.1583908556688371,0.9087952561288193,1.0295820271021643,0.6505635522075275,1.0417716438048112,0.8797828339256422,1.1687884957797154
-0.11921037475906046,1.002323939104136,0.9895784598317501,0.8802481686140533,1.0805353068158532,0.9983895505930118,0.7217288844844492,1.0140875713816255,0.8155584202326798,1.0388953440315867,0.739363083976999,0.893224631519808,0.9501616285616394,0.8748422459673364,1.1419170451711484,0.8794663738055181,1.1464023655031381,1.1506132048956914,1.0470195511740013,0.7841244767122845,0.9202661377443186,1.1259899529654909,1.0140735017558438,1.0222263461246155,1.1316433002062618,0.7746613858406015,1.0751016231642463,1.0649908323850648,0.8533100709401391,0.9266638937639342,1.080318614946677
-0.11391213587938472,0.9125753323304451,0.9356797371708212,0.8473268733362391,1.0446046946772998,0.7360104934555727,1.0216893778885527,0.9405554765252688,1.1267002034549491,1.030873165149595,1.168726709100409,0.9865471558919486,0.9031624739492383,0.9643593809171395,0.9711061731224403,0.9220892951007286,0.905624972001966,1.0497846664872272,0.9609459606374731,0.665677553810899,0.8847782521515962,1.009964996701795,0.943022933666814,0.9850004987198954,1.1074078790781117,1.0973793055480447,0.889212368461544,0.9993988490927863,1.0204744793894622,0.9870308193925628,0.9708571347921401
-0.10861389699970897,1.2255310228252836,1.265000125440749,1.2991754774326245,1.0768944213039844,1.1283529386587074,0.9303577376619864,0.9896627016658669,1.030353495114861,0.9295938879800162,0.857183847950644,1.2057664322703119,1.2314204367629602,1.0206057386540628,0.9433718011875477,1.1329369518133898,0.9532069408445552,0.9604934558635306,0.733755521810795,0.9136221033062695,1.1674737051147601,0.9435807039387083,0.9074517190352246,0.960947061433443,1.29393657800963,0.7582465818002441,0.8908787476172044,0.9490361593274754,0.8806250812077154,0.9535168991807667,0.9511615232929379
-0.10331565812003322,1.144199706624391,1.1806287325033242,0.982195434809944,1.0483705137626864,1.1953608996306224,1.1065265915538616,1.1356895670021145,1.0551340920556493,1.1919919691633516,1.0235530081449653,1.0048095019787657,0.9981900460553469,0.8193770868554229,0.8996988844951379,0.8844310974752099,1.0587364643862138,1.1229419602076849,1.217610889215598,1.0761129215645657,0.9095003302914751,1.0717229863744235,1.1211626165512358,0.8082367327105738,0.9228346660107478,1.0542805817468397,0.9149556355946938,0.9798628645914167,0.9032560108273385,1.010966975906435,1.1452631126163244
-0.09801741925717938,1.173692232587613,1.0175853366190777,1.0281584796015077,1.0870833192444591,1.109260609998732,1.0250390943661905,0.9950654207741538,1.2033185087301534,1.1218943143765785,0.9620775484513862,1.2314505362726267,1.0226433748348336,0.9777394329572849,1.1550167715046158,1.080098021256196,0.9238332529076689,1.1591078505489514,0.9462443856543621,0.7753132019810631,0.9042114901440188,1.0345929182097113,1.0076075814867218,0.9066367100114381,0.9246097478302895,0.9694773660374019,0.9809494164165182,1.058326397429693,0.9735137052078913,1.0640546946954639,1.0513891370447623
-0.09271918037750364,1.186749762889086,1.087190339735039,0.8617096358362157,1.2697370829659413,1.1234449578435588,1.09537720531563,1.1336756036749858,0.9170500959248402,1.0062592761797464,0.9603483137603122,1.3878450325843406,1.0309715248357985,0.902307956676054,1.0111465893545706,1.1555681960735056,0.6087437428589788,0.9052411023369544,1.1245754230916851,0.8293112859845364,1.1232647915518812,1.0011659199746166,1.2087788153552106,0.9402554738212026,0.9149309883196461,1.0560439980476235,0.81686776581005,1.1540300499534966,1.255038735063363,1.0058698655617555,1.082972367623973
-0.08742094149782789,1.3442053526476965,1.0098107237448384,1.2106456782436958,1.1418415333911502,1.1614775903212513,1.0761206443314324,0.9647022581138812,1.2414934750848288,1.2921263123448392,1.5269159291157433,1.1054876019154387,1.3317916113212045,1.2897345428595384,1.1344642934120834,1.1854720632669924,1.1274046916097498,0.9776447376448436,1.044480088619044,0.906631635679949,1.012823973594011,1.083150578304805,1.1115293028006972,1.1371080128295108,1.1199911587413671,1.1128762542286914,0.9649089692259066,0.9566038666654484,1.1067874144443626,1.1291914721720169,0.7988174140640473
-0.08212270261815216,1.3461678041777456,1.2442864879250708,1.0292305263321437,1.1174925381996568,0.9475488326564555,1.191249021038186,1.1832515850842242,1.4312610342215808,1.1668250610146857,0.8290313425010923,1.122251810795505,1.3737311924649047,1.1841750847077221,1.080700643274006,0.9707315725522911,0.8551165052657943,0.9100143132343311,1.163046489327565,1.2713180188980515,0.9482825491804414,0.9769515060333368,0.872219855690182,1.044567051648435,0.8314996829720775,1.2605168917481977,1.1464698481604763,0.9850539598864038,0.8628450678822055,0.9031264265934833,1.2240735025411416
-0.0768244637384764,1.3818459474296902,0.9885441773585341,1.092347119551752,1.1124270593514867,1.1350172136854475,1.4761832543979365,1.0718948070890852,1.3339081547975375,1.4422634300077113,1.2008196058325287,0.917795639928391,1.1023877992470092,1.2315425638836226,1.4010744217689828,1.3501842764978456,0.9757609978819438,0.9189449482782864,0.8598466843824643,0.8442660880549205,1.096084264327732,1.0903067188842523,0.8757002995853848,0.7713349258533534,1.131147634931667,1.1779177265920675,0.8261694662027959,1.2382058554044064,1.0714707170555007,1.188522621921782,1.021761722903185
-0.07152622485880065,1.2659919976906902,1.1487310346757347,1.3017221659157738,1.178825405234573,1.4372707517689827,1.3512119915592302,1.154523571209912,1.357681125496159,1.1899516662652025,1.138185547905153,1.2741222664905647,1.250835711980926,1.2048592786404078,1.0407265837061603,1.3954769973178636,0.846520717919106,1.051189806796149,0.8249677058443201,1.1516816108305388,0.8494796364706516,0.8458231869997072,1.0582490776734599,1.0420334639945585,0.9625895101829693,1.1372994049526648,0.9676664796245577,1.0944973104399758,1.0355535936848317,0.8761041297315292,1.170187653618152
-0.06622798597912491,0.8096264067558,1.2985380427890854,1.2687361896681801,1.2196182156674336,1.3430175216679183,1.4281608684239069,1.142363392100282,1.3041166120966612,1.1992693531492462,1.0304881004210864,1.3278652190242408,1.2732863583514624,1.0371414566973562,0.9583050565368252,1.1733809564113005,1.1130248398557823,0.9683148097250733,0.9517615753518631,0.8255869935788197,0.8641993145471417,0.9569791500225822,0.8777632656200702,0.9500550977604704,0.8615183627473406,1.1874592704370563,1.2287237056468376,0.8531659836159668,1.0476380943356904,1.1968135242554623,1.2158815237187794
-0.060929747099449164,1.101306901139336,1.2584246287085419,1.0762991334721037,1.2516503432815407,1.2775216124480617,1.0911272550220754,1.2188609394516619,1.153362053172312,1.3204975192700474,0.8522316176706475,1.2897726435949404,0.9785502891745717,1.197897450898164,1.1761521302984606,1.143136167096048,0.8751576673324338,0.9298392571817097,1.0132375219378136,0.7844495357426268,0.7725224030105241,1.0039008540635486,1.0206104440941948,0.9122036903580272,0.8602359178316493,1.0063323465972387,0.9232232766688528,0.8160612790798807,1.0254067095649773,1.1003664885073716,1.0111220517538246
-0.055631508219773425,1.1544884778911575,1.2342220150250711,1.231714729014386,1.1726075578571233,1.093525229424563,1.380185111288732,1.0393650998176678,1.1953891283302727,1.3383601497883097,1.1660422886592248,0.9043986672805769,0.8991527125634484,1.1284523844028818,1.1035930894664832,1.1632373541324892,1.0237411257814661,1.053869815933301,0.9375096663516803,0.9147884933036344,0.8738804632133768,0.8563041776399845,1.0503331358866597,1.079333986532352,0.8966590006218824,1.0117156755573817,0.8822574603503274,1.2803029375105852,0.9852754062568208,1.199802564944457,1.0475963115969038
-0.05033326934009767,1.2312975148000291,0.9523175938079962,1.1731456882022635,1.0685739325390948,1.068392621220915,1.2752447781197078,1.1189957099029244,1.2257102714023582,1.2742815626716704,1.2112814347141738,1.2839678458612187,0.9011535429269046,0.9304350244492535,1.0478587974962013,0.9310148104289463,0.6971898093176409,1.1515536616498483,0.7745887727557311,1.0677868942182456,0.9891712136521037,0.9286751256189238,1.0567224018078774,1.1337199164406946,0.8072613172578212,0.9377110275308457,1.035252220134498,0.7722394386773097,0.7290676222426588,1.1831080388537678,1.1517176011301327
-0.045035030460421926,1.253183911393174,1.15769794079439,1.0376958439012802,0.8382486735467299,1.136039752972065,1.0058347254796267,1.1396883194613738,1.1067563677895833,0.9511525451940768,1.166124663232113,1.2833829675030954,1.3773765420520556,1.0126126333037329,1.1543564978532714,1.1274175901778078,1.235172140587598,1.187779918612666,1.2067338035781476,1.0305685722536078,1.0792110842008051,0.7363330530576361,1.054244080056082,1.1207863796188977,1.0666821410539455,1.0389957463639587,0.9994083545198473,1.0922518595105253,0.8781521056682577,1.2147050855525006,1.0961571075977554
-0.03973679158074619,0.9504610309596214,0.9614025537776746,0.8578946144332554,1.0580817329200205,0.9926034649657844,0.9088038822357573,0.9924439714115745,0.8094313354991898,1.043275333012937,0.7742486688449938,1.0201079159430453,1.0081940160691303,1.1690992482024354,1.0570729529667229,1.0409730219111877,1.2375770827748,0.9329309858890326,0.9609238859447219,1.2327032501384512,1.14306898602703,1.182605953678481,0.9050361188926949,0.8911540746311659,1.1104766789246712,1.144352704712961,1.1107770718206746,0.9103202032674571,1.0357772127132232,0.82535430465693,1.0726535512019035
-0.034438552701070435,1.0677114070431541,1.045908231471441,0.9434703782641201,0.7632810646153672,0.8888283674202566,0.919441799011618,0.6266981755555441,1.1874971778507304,0.6148314098373402,0.8223851093061116,0.7633712465798173,0.9157160333596854,1.044499567125995,0.9443284182250581,0.8842010599644698,0.951117910436414,0.752620679509435,1.252451929950075,1.1084664574038103,0.8558244094951784,1.0821136986318565,0.8147526989765385,0.9598953712789761,1.1243392738104976,0.9974948520259657,0.793777479446039,1.0333400533951809,1.0554603101052855,0.8417516482113043,1.038396444292772
-0.0291403138382166,0.6085383841060731,0.7465126749705904,0.602767925807291,0.7596791890055002,0.716475805259698,0.7545909377758666,0.801104253491277,0.7740327222609387,0.8035196569047629,1.0700168271020807,0.6450471078004918,0.753233616869721,0.7058126692924813,0.9832683898150496,0.8416633128381834,1.045149927049591,1.0531272904192113,0.9897287343402504,1.177313401039487,1.0673665325990276,1.2869917222651226,0.7394059154961091,1.0429646351919784,0.9187454573229279,0.9998952550528528,1.0072695143720245,1.1355372693523103,1.0540517076179885,0.898864188096354,0.9757403044003845
-0.023842074958540856,0.5774409210481296,0.8462819549005759,0.7111495560414915,0.7946338014702009,0.7211367012101694,0.7943776026104098,0.662161234226368,0.6509340139296489,0.43449296628803746,0.4894640076297769,0.6659509887666148,0.613397220532287,0.6266976765621945,0.5957219460696113,0.6031724582356757,0.9849183635023688,1.041294872159184,1.1962223019202247,1.157117266118559,1.1027146741089282,0.9317000530340663,0.9697230494952921,1.1265275201749096,1.0399384368399422,0.9171830756315716,1.0137303007807879,0.7506988642239741,1.0391372713901952,1.16494950454564,1.001485443071044
-0.01854383607886511,0.48364085245600025,0.6048388938113953,0.5656363189622793,0.5888177075129675,0.4950158006624283,0.6354113603707402,0.471946948340863,0.5030027442338985,0.6294915222829055,0.5177696206022764,0.4102409655715077,0.7410657945541325,0.33360636046148384,0.66709667538613,0.6962985795861137,1.299254438110896,0.9999915389273533,0.8917928795838367,1.19318161172132,0.9234404715799616,1.0704113737542043,1.2339713596247948,0.9378514367396739,1.0006751736925286,1.2068293163528576,0.9882184297591647,0.9809841386428686,0.7514100513485776,1.3492365036429543,1.0380188839178293
-0.013245597199189364,0.4866980180269578,0.5434265889166868,0.36621328888225285,0.403645270752709,0.4552690167189206,0.45660844574471265,0.37519198767484857,0.4202430777484274,0.43595943168803397,0.5820859856600482,0.365192782141096,0.396381560827952,0.4236041630280346,0.4213768144874148,0.6362891486153502,0.9334625608224763,1.240086776118254,0.9473511388745397,0.9081770983934384,1.0441598424102525,0.9890430415133138,0.7472587793272236,0.9759201606749066,1.0896912043976195,1.0024140913664645,0.9074107751963397,1.1768126800034802,0.9766447147337843,0.9276322135605147,1.1743638757973371
-0.007947358319513619,0.4568774304295335,0.38018225793050603,0.3251310635618457,0.4715366855295409,0.48432914232184915,0.2776583758219821,0.3954326573497846,0.43367891581730383,0.28902968010487573,0.41231495281375646,0.37871224024502387,0.4349128425964417,0.2701330502140101,0.44935292342065847,0.26676481744774894,0.8094656570116266,0.9918599300238012,1.0551928234323664,0.9143434097033004,1.349795853867157,1.167573443181927,1.1774093188127075,0.8565091282279571,1.0576983106601572,1.072814311554774,1.0264217440026449,1.1242144390937803,1.1646719553184934,0.8746289684143181,1.1095296528848544
-0.002649119439837873,0.3920238339347431,0.3471031851640014,0.5806347810102166,0.35814487570359205,0.22915837079169932,0.40454543178135566,0.5587053119680693,0.37524045097603653,0.45442648733873403,0.4584908526191506,0.29526347974222733,0.5625874154719365,0.2746653919006182,0.1550812579455564,0.35437952806327344,0.8211076108649042,1.0229901231758822,0.9923429335600092,1.2778573757290708,0.9012510495450968,0.9770807628821384,0.7589227980590546,0.8448528381170993,1.011709192174776,0.9742576951474186,1.1560323872761062,1.267720555296623,0.6659357549736369,0.8738190288589345,0.8875126197944382
0.002649119439837873,0.4835644785454023,0.3487395266813488,0.2166388279719324,0.3410114497312886,0.4131885250352445,0.2868456011189915,0.25524422845568556,0.41218596570221305,0.40466340418742375,0.3972119540211976,0.2950847435122042,0.3493100374953741,0.41583140738382524,0.3273473177151889,0.44562190279263053,1.1850414346061748,1.058043629198631,0.9179123948092525,1.0033546717596287,1.1286405477230617,1.2189048122809907,0.8399574542965379,1.1053840304536955,0.7589742266646943,1.0600776952881277,1.010935345974276,0.8885851318713895,1.072331511530142,0.9954071623469716,1.027390625672827
0.007947358319513619,0.32998842862553596,0.49631213698945226,0.4207707361997105,0.5166229982306305,0.32379008256271824,0.4390284174907115,0.36252470793401376,0.3831352286582918,0.4311222470951601,0.40776133683174515,0.3058766400394857,0.40279856694433847,0.26427220605896984,0.45688227328803777,0.39490164196118765,1.3357696426105043,0.7843046268705218,1.1384478313393762,0.9396513326386582,0.9170184794993506,0.8642549561082263,0.9341685569322952,1.1759033824331648,0.9783946848980225,0.7640647838805361,1.0212621151152725,0.9484839977694276,1.3098543383090877,1.0417031896650844,0.9293718965414118
0.013245597199189364,0.6640205939733318,0.43640693137761477,0.4483016634708716,0.5370860168116384,0.24578406020450627,0.5187449195543947,0.46587620012883024,0.3537611185354842,0.5354143298241233,0.3835327791761161,0.5582386509307325,0.4434636298843311,0.6041123582840678,0.5599930314391872,0.4229648312487771,1.0563079836829243,0.9627013696657051,0.9725894224087718,1.2727559796619128,1.0464112570084718,1.0832825416105922,1.1825091583900702,0.9906603376330426,1.0143806018681032,1.0172402560136231,1.0484753144317693,0.9762834845229282,1.0081740079115022,0.9756980406444743,0.9603932448707659
0.01854383607886511,0.5994084227103617,0.5530756410105505,0.6121615955600007,0.8749687494259023,0.4450331403494662,0.6206919519988158,0.6729039751438354,0.5468528636773801,0.6072085943868762,0.5352908556095688,0.42916818753822084,0.4460252076961362,0.5307025778097448,0.5535328813114678,0.5834026334341831,1.082667109487113,0.8777871255453743,0.9613892021340231,0.9147184270574859,1.0869248247837713,0.9775669837518108,0.8779403709651115,1.1301575144542673,0.9098884743636773,0.9199652028575698,0.9705703403374669,1.0353383745469629,1.0382881243161424,0.9241865255846797,0.7877349780418538
0.023842074958540856,0.741474246594638,0.7921539814721255,0.7058481798744176,0.5536495764861188,0.5455720841168008,0.7217970959637254,0.6234780999076357,0.6519852266460652,0.6954133007516741,0.7079173222991098,0.6713965701170886,0.6431663274309659,0.7740924098758639,0.5493925323200298,0.8371248972287402,1.2469574981446552,0.837910709064615,0.8625272478201395,1.0646185126514476,0.9850731585182225,0.8557659511534886,1.1132929524553679,1.0469039393289383,0.9650881175016465,1.169669966050091,0.912936179569787,0.9259520350123314,1.1221500271864757,1.0730667281170172,1.090155817774489
0.0291403138382166,0.6081568746883201,0.8371306160794184,0.8869103627637741,0.7793092629459603,0.8846899880140713,0.7064620905429966,0.9882410571358141,0.6322769385263673,0.8038671353597225,0.8751613929106378,0.726653271805119,0.9224778877058893,0.8611307977896473,0.8915353890288898,0.7779215308201447,1.1172545616514629,0.9617538841937039,1.0737872315547015,1.0060764364014898,1.0689704850449655,0.9973148637162856,1.1472217006393617,0.916328419366094,0.8314914074096743,1.1006256082872878,1.0407398315066385,0.9339061281949751,0.9964271047616307,1.0713012546170597,1.001858046325904
0.034438552701070435,0.8963930684196721,0.852892234350446,0.9770854801431303,0.9377454514961753,1.0043924752420446,0.8420977527179534,0.8627008669653454,0.8939352162806746,1.062136159946586,0.7507400059196134,0.9094247509995267,0.8442372932799079,0.771107070484452,1.0832499935558277,0.8739554087714134,1.116834527418968,0.995340275357122,1.0168680989827052,1.0668255279555383,1.1978836614667623,0.7647874952418183,1.1512273607010932,1.0468727570829783,0.9583528482619849,0.9636620955849341,1.1925279902802366,0.9445335776531593,1.1324141796648688,0.8830807447198437,1.120936420956125
0.03973679158074619,0.9493499038190811,1.0152184469819123,0.9801210783440975,1.149009486697256,1.2642768414969985,0.7135703506227816,0.9301985449145407,0.7829517468852941,0.7807628962682323,0.9256899353016621,0.9196205188123533,0.9823458630016781,0.8913985599196536,0.7348502963994866,1.1573264706036908,1.023425862106489,1.164208565815241,0.8659242190594902,1.1662291953660784,1.015145477200445,1.0263966471097106,1.006383085208994,1.1994822661533968,1.065610821785732,0.9061057853419097,1.0845852348228346,1.019181557548308,0.7086887747303204,0.8953926161255039,1.0168132087479813
0.045035030460421926,0.9418796409321554,0.8686066786187377,0.8724092790109326,1.022324522736197,1.0000208673991622,1.158269156041443,1.0464005042726874,0.953716924720832,0.8577802252019121,0.89211292179614,1.0326837494312922,0.8851715623424038,0.9075159834274884,1.0640989691012652,1.0379913182039733,0.844451030724304,0.9775317688851675,0.8773137382243615,1.1989829046855622,1.004080379116576,1.0689836911059314,1.066269434899555,0.9953533878031426,1.2709495641906317,0.8776533482434423,0.9698353970094478,1.0350128191025865,0.9471831392162431,1.099408816580874,0.9836001437487883
0.05033326934009767,1.0437244230374003,0.907389784312267,1.0767959272884526,1.3320514385893232,1.068278173032513,1.2685006669218233,1.11619516829072,1.1932056131827142,1.0473229324942508,1.2405102327001722,1.0843112097772025,0.7826362762450033,1.115676997692358,1.1796765066089734,1.2063870088313475,0.8730899748626818,1.0741626133826914,0.8115680984366477,0.932494531556846,0.9685146080328141,0.868092768666536,1.0818790890631267,1.202933187018749,0.8686523184775355,1.0728503125828246,1.153660751157929,0.9291401819583442,1.2842635860562206,1.1987935439605233,1.273060444872585
0.055631508219773425,1.0201978166367083,1.2147971095089523,1.2298386399873074,1.178080942336595,1.133734998539345,1.1775383074983168,1.368541183059255,1.1600998331259638,1.1869444667413396,1.1866922924622831,1.118057521767461,1.2939822872050006,1.0809391571886506,1.207175093348241,1.1349119740990117,0.9895876612636072,1.3137361425801042,1.1212606557936795,1.015156327739235,1.286349720057038,0.7603091381649179,1.1151343366099968,0.6602208936365681,0.9968905798661865,0.910145279321989,1.119446221770659,1.0160922261100587,1.2603191720235156,0.9782918174493876,0.8020308157325364
0.060929747099449164,1.1115523572758668,1.5675810590533934,1.25494433452542,1.079604824792514,1.399436760628341,1.0432626630003994,1.0375381571318314,1.3606574491086194,1.1714856833034637,1.088664538954122,1.2592787775104792,0.9641022375205983,1.0837916156985383,0.9664952788145033,1.2310470685502184,0.6987145436438672,1.136250128806952,1.278105805152581,1.2232221009661444,0.986334190203667,1.0223794940617548,1.0074773769237544,1.1066001795436178,0.8752981371705993,1.22071702619066,1.1577793008265036,1.2308618715099562,1.1853593904836934,1.087551071634341,0.8325725907721208
0.06622798597912491,1.1587660350372517,1.4775040257235468,1.35699337105614,1.1738434393041361,1.2896712912548673,1.2623743917593218,1.1634123904323104,1.3370140024557373,1.4071712915562515,1.2396857484312351,1.3329880380548031,1.1125748048525292,1.3994796672176422,1.233623843008603,1.0964861383730942,0.9525447768959436,1.09763603336186,0.7744293916596321,1.0504081589124639,1.03366906395946,1.1019697885679587,0.95725831704739,1.0112899438236758,0.9879942300808439,0.863592314254277,0.7557421323159137,0.833351139637112,1.141295840744784,1.0800711803516931,1.1215275055720253
0.07152622485880065,1.2612129276268538,1.5534284715702327,1.1725974953181886,1.193540138362608,1.2001810630935668,1.1178676154822595,1.2458929095084044,1.3290773399113398,1.001058493834623,1.4200865601596313,1.1116399003555049,1.1340427605973504,1.3898390473073432,1.209551419845888,1.482571958081384,0.9879817676118307,0.910893352656072,0.8529021273010038,0.7616390108465059,1.1298708649225078,0.9907303871713594,0.6326813765510549,0.9612189559286568,0.9709821056737192,0.9142491058429982,1.0287014145717557,1.1398910608444934,0.8979174501604352,0.9018584437851499,1.077202584984692
0.0768244637384764,1.2820243006792391,1.2712700181555725,1.023636988925465,1.1762366917459717,1.0699029769484185,1.178557415108353,1.1730112594800353,1.17010428238705,1.1307163640557305,1.403604330014618,1.2391491370377175,1.3976569920558022,1.4322693686713315,1.1491037891152376,1.2939605644515748,1.0827768883329072,0.9560649880757764,1.2890094262307192,0.9486948308316117,0.8328430110683961,1.1084738501638947,0.8466236177639662,1.0119013084905757,1.1080255304584485,0.8688870151412094,1.2356111330322765,1.0278509934834013,0.9901531317450346,0.8705761634616338,0.8071283524992358
0.08212270261815216,1.2452760536142784,1.1026253450836159,1.0999826553873275,1.0973459830653596,1.4554726247050895,1.45352419850395,1.1786576571975245,1.2599010010161682,1.169601009283664,1.241572970678357,0.8124038987219612,0.9838823019898906,1.2103319042083438,1.2972168254682752,1.4388655410038171,0.9909426530062888,0.9602338955340229,0.885647356181134,1.1282344520995193,0.8472106527831074,0.9742898518422409,0.9928865095829612,0.7422137029344772,1.1263426275021589,0.8107841926673474,1.2260508316714458,0.945393673202993,1.1496450809352103,0.9836457755029583,0.8068850612843966
0.08742094149782789,1.1602721467025312,1.3038439428867963,1.192652922644526,1.1299936086431739,0.9277218835401881,1.14621262453098,1.3321126758324842,1.1497679911963674,1.2573806295669498,0.6663449755756582,1.1526484622888646,1.2617020288555476,1.090840238032664,1.2850616675613713,1.1259773171980003,1.0363122146721293,0.8515769081997806,1.105922533780342,1.0837851629668276,0.8315135612240336,0.9880323129955432,1.1619103585938348,0.9715087099023201,1.021117401092204,1.050654493974203,0.9921560733006413,0.9817739171630966,1.050419818045599,0.9287825307366875,0.9135439210913928
0.09271918037750364,1.2626616607102623,0.9620174863560711,1.261388483177735,1.2656312066204305,1.0940993781560635,1.0092894991066885,1.0385904253954699,1.22490058067642,1.0298078313547407,1.1509682752085253,1.1173554324375758,0.8427266257793553,1.2859014056419897,1.0684939435322234,1.0574274011270166,0.9924739271022478,1.0605203344439524,0.8689920105222365,0.8454383668856481,1.109544012924905,1.1129325370157583,1.3255897190989594,1.0463172505714324,0.9851504651288157,0.8948859543881021,0.9235360567421567,0.865676294465313,1.1137829177027816,1.0941447749255093,1.1544610767717334
0.09801741925717938,1.1127220521464207,0.7054386900485637,1.2297907896987574,1.2181427730759662,1.0709952312453732,1.1510862643433308,0.9640382640552065,1.1214855504735506,1.051183148415085,1.0881152466066724,1.075837314200609,1.1860158542066168,1.127646270784518,1.308925658498778,1.0854857912573692,1.1996832934851942,1.106559112788001,0.900033148728694,1.0175767989146107,0.8360674407021399,0.8911573227397062,0.9777777811637834,1.1916818231812631,1.1538841252660645,1.1501492394289994,0.8933833371956811,0.9804899646526364,1.180425606314387,0.8004194870027793,1.0234596541589038
0.10331565812003322,1.1579751375581224,1.114474504656352,1.1622250486951213,1.3157599639699162,1.1457265443128843,1.020858455488051,0.9204643770997464,1.1004231352629357,0.898039678101313,1.1687669353556478,0.9384148463711419,1.1991844995392307,1.0850645266190286,0.9159738068663249,0.9519039932413679,1.063363901805752,0.9424163759712477,1.1114985705803986,1.0446632130982383,0.9815065962697369,1.1067756458142484,0.940590569272512,0.9327807154425478,1.0233188512754652,1.0041196540026125,0.9932273415729629,0.7396874103235567,1.03039214133983,0.9516497744218062,1.1471154130191388
0.10861389699970897,0.9691739114647462,1.1584849371775698,0.8591146435050256,0.9185673102525269,0.8513358500193487,0.8421466548472124,1.12759477354363,0.9309880596589847,1.1284241362958511,0.9544331151806219,1.098338811293909,1.0465518281292854,1.2555012101406702,1.2990100242454519,0.9357874428502555,1.0572054311523769,1.0215139578147119,1.0752875546129295,0.7847564079849776,1.015014762425338,1.0910167901779226,0.8263609740474739,0.895138945593316,1.1966814164047663,0.7539697258985475,0.9889447599838886,0.9981064433993078,0.981476720396468,1.102000427707353,0.9833570048381577
0.11391213587938472,1.1771314542108284,1.0813354703490676,0.9356109931062395,0.8597565006957614,1.1650476891544197,0.9780280785191855,0.8216684295231964,0.9693925723694021,1.0142717385096522,0.8301346272807412,0.9259806816801855,1.0249809638991862,1.1179145607552974,0.8495652721808006,0.8852403112337331,0.9588846491769825,0.8968556517382095,1.1239232318222545,1.0086743816778745,1.1013283777066187,1.0776069396953443,1.1712112370284526,0.9349224626416666,0.7880671907615268,0.8878164667217151,1.0559072501346047,0.988471920630055,0.9925615561736939,0.9790599421850135,1.0937347936419344
0.11921037475906046,0.9100554640846031,1.158663502706562,1.0317831883613082,1.2350359754228026,0.9451581239452529,1.0675241815494567,0.9715995372063454,1.1221123195471223,0.5955576666825667,0.9912446484162397,0.8145743045549825,0.9753813753310633,0.858307479941465,1.1503023411515847,0.9518218495137657,1.2618858197025526,1.1933092821067033,1.0622428066872611,0.9630719123029677,0.9453634318433246,0.9341134076374046,0.817210979190084,1.118727013948968,1.2311203786050626,0.9925815247627066,0.9744907987981647,1.1825216315591616,1.071130852056452,0.979908854027694,0.782751625428445
0.1245086136387362,1.081609732568623,1.0334529249047815,0.9787274916011837,0.9907240332019371,0.8151244754339863,0.8387975340267665,0.7423727195021347,0.6749581187978709,0.9749717289655984,0.8013783653331873,1.050457523834359,1.04840768294438,0.7460634299424341,0.8005646523361475,0.9293219952493285,0.6766647179750536,1.22741767360235,1.1204859256751623,0.8589667975011912,0.8677165254131258,1.0176570184179499,0.8575516193475966,1.0426387888202453,0.9198811495608026,1.1596621540350638,0.9143217561874318,0.9556228946608614,1.0740814688084983,0.9900253319433479,0.9050301667267995
0.12980685251841195,0.8017648619221074,0.9615173547557342,1.0257566709545507,0.9733062861022194,0.8321514021445798,1.0485068261887178,1.0074480952004639,0.7410969330568526,0.8486069299497045,0.9487595843081631,1.0277259546659412,0.833400018054972,0.8810576916439604,0.9936020223314546,0.9444761371011746,1.1048360943534352,0.7731512134703505,0.9859996843711223,0.9660173603059532,0.9846371942270339,0.8064737817582396,0.9368687281041306,0.9312904723662353,0.8590947721191858,0.9307987441424764,0.9680295577364227,0.9042360063942093,0.9539427901910945,0.9696628510252625,0.7507446922439892
0.1351050913980877,0.6708141937248187,0.7754292639995013,0.7540087051910369,0.8046026182724397,0.8994616139921846,0.8257880173161031,0.9511270892621102,0.9389440503048282,0.819697111687346,0.9880051356771092,0.720987169158236,1.2223784342101403,0.8572810160546962,1.0217271527510312,0.9518809041180777,0.9486212309787919,1.0090055274391425,0.8322796433820321,1.050619108375074,0.9312186852289727,1.0793325919736514,0.8701748189724006,1.0665704268237595,0.9941955246819656,0.9564243629447624,0.9728224450177342,0.9149884570083733,0.7725265554631991,0.9744478754162549,1.1010712868446983
0.14040333027776344,1.0335734503486012,0.8829491585681302,0.975710453282628,0.9527180011230255,0.8275995742400183,0.666271182842367,0.8749691465679156,0.9178989386693409,0.9094479391407934,1.0583548910801894,0.8616753596997658,0.8264929281840654,0.9564247831533718,0.8226151540998824,0.9720785024340339,0.9878637221984374,0.8826579933470566,1.2601536653712768,0.9236913068258246,1.1709277608397008,1.177626769506186,1.2300705774534106,1.0125908902029956,0.8490686106683604,0.7982237110551532,0.9343447863627062,0.8398070711441618,1.0683263136826016,1.0160555736448191,1.0303421707275917
0.1457015691574392,0.8577561480571843,0.7535000648071909,0.5582285109879236,0.911030383328428,1.0058791129919187,0.886800490402471,1.036028525062046,0.9679647276192846,1.0684355106627081,1.0205752330233355,0.7679646002980387,0.8701160670196935,1.0848733992904467,0.9989637748123172,0.9544575238688654,1.0311315955492741,1.1404405096298484,1.0106169151321844,0.8465202735236118,0.9365468995439259,0.7791569270111889,1.072084672667293,1.125632577288865,1.0737910542844833,1.158056593207543,0.8134118378453044,1.1611281461652283,0.9845770323873025,1.0019348517015536,0.7425743531707384
0.15099980803711494,0.7269098739374878,0.8592888756817656,0.8440714228956203,0.9128608951704569,0.7850826399651525,0.7371438704157992,1.073728873417744,1.0322407219062817,0.8273866581621596,1.138071634764825,1.115104635108877,0.8653468916273148,0.9571798406199806,0.79375315915521,0.8810716666979166,1.156076317183202,0.843242508241507,0.89318679817159,1.3330724741984366,0.8727174829827301,0.932714470428738,0.9288324413292789,0.9089442051118124,0.9399954157545117,0.7071853159774512,0.9735399166229367,1.017153923134121,0.9343664982167457,0.8837743791835214,0.8395818793915936
0.15629804691679067,0.7401187782232124,1.1521582112963407,0.9245536509453266,1.067959380211472,0.9685220508054972,0.9778256753945228,0.9691161249125861,1.0353395508981251,0.6441696232400687,0.8765512497563607,1.0248855596173527,0.8973164645312975,0.9311571450588471,0.8563368228897293,1.0693524282630682,1.1471193676180527,0.9739179653245494,1.0043533112949599,1.0811400906260515,0.9362362462594498,0.8398598551031972,1.14007728741127,0.9575024489266878,1.03726975596845,1.0286658585809907,0.9264041571421013,1.0798590089944347,0.9776066496816588,1.163476247836882,0.9548369070226091
0.16159628579646643,0.7269961344312855,0.9572147775676939,0.8871108876215538,0.8346031567173408,1.1779639967204973,0.7873356032682045,1.1944136132106,0.9140339950367155,1.0745940020700968,0.9097287410178263,1.056368759578896,0.8203570134520852,0.7572614645782474,0.9597238692859511,0.8975009665506053,0.9446978754418593,1.003661518910702,0.9431064088434323,0.8015070605867163,1.1157111070334444,0.6263370182282083,0.9024098907078731,0.9491438469868417,0.8732398532725167,0.9928442757177437,0.954763616125441,1.1535620466410648,0.9619691350075719,1.0075173438750187,1.1007040179999197
0.16689452467614216,0.718829848466407,0.9956456457424404,1.0578599538040994,0.972335202649505,0.9867698907878131,0.8803173744646394,1.0666594099292832,0.9885049804580139,1.2131263405387338,0.6562528976228229,0.8162591380462515,0.8840226824345343,0.8890917896102517,0.9727286330387896,0.7857286661237664,1.244837014379872,0.8055630139018307,0.995928281330346,1.1088721294038244,1.0595113725730512,0.997960701135222,1.1502948962794965,0.8101831355846211,0.9711501729705694,1.036469432552384,0.8663853072607554,0.9198048878060796,0.7226936321771773,1.0595065877412218,1.1737238609281844
0.17219276350535218,0.8313921758156987,0.8775686890236113,0.9383972395353273,0.7463540952426234,1.093412978304359,0.8491981580914096,1.1701892990605594,1.007534141990547,0.9545292265948007,0.8947062621524097,1.127674525494422,0.7142358657816551,1.1283844272081076,1.034337044145583,1.1555993214993832,0.9056619388071144,1.1995343300019936,0.9436818146963185,1.0033248041848195,0.850497493689681,0.7804599858387992,1.0973874859226085,1.0384065926719437,1.012571982448653,1.0776439258147401,1.0759838494592475,0.9604008078382176,1.1281420210709572,0.8660708754706171,1.057340980690426
0.17749100238502796,1.0548618053579988,1.3183635295392133,0.9857678350314305,1.0428972720119054,1.0957737393078637,0.9562774924231595,1.0477130108268542,0.9120345718814671,0.9299052794750539,1.0089210486195468,0.9472896183288009,0.6826504223504862,0.9992228442987942,1.0715867334184277,1.1314440902263774,1.0800375379345768,0.927894633027775,1.0518459430178038,0.9286819029301594,0.9482177462964134,0.9196338191428901,0.8362270475222607,1.033858686081433,0.9755666818059741,1.1332237957783209,1.0482260570943107,1.0423894858737492,1.106416539336846,0.7581779289506184,1.059738437243674
0.1827892412647037,0.8764535100821643,0.7424639880207452,1.0890881478585315,0.858901954773268,0.757415369188456,1.0246559254612093,1.0440485179970298,0.8550492677973097,0.995188631821062,1.2215731417255806,1.0426596792876632,0.791422419973191,0.8417720205866669,1.365502168492584,0.9583237302602319,1.0919291212511548,0.9395365083037069,1.1468040511187558,1.1512806258654513,1.038892315527216,1.1133993623705136,0.8974466941087207,1.0006632117474679,1.2064296859315908,1.0009003688261782,0.687794917668855,1.0235009215918611,1.075371360140218,0.9666281314158574,0.8793748782961429
0.18808748014437943,1.125359235197524,0.8923250619820408,0.8980332715384752,1.2514004320639718,1.1740253017254114,0.9712077147430794,0.9276252199734034,0.8522638043975527,0.9021897668718396,1.0464927693982997,1.070400998285987,1.021640007742345,1.0659915077372557,1.1329976273687026,1.1853742117107788,1.0026799540499332,1.0602588908142385,0.7553867680171708,0.8306374177486168,1.0054076062957522,1.2230204119868142,0.9778488059137705,0.9695742129957098,1.0759792542712314,0.7725969552545755,1.1250279400607857,0.8760580879529039,1.2305341280470943,1.0768586357301804,1.0429582732043496
0.19338571902405519,0.9539313837883979,1.1478873624402155,1.220241762206159,0.8488437747663355,1.0068914984511466,0.7970351272820934,1.035661521139834,0.8573706252073915,1.0352126661363488,1.270645132839002,1.0834704407339049,1.2084217618589532,0.8304410598315247,1.0435360305316885,1.0206417927305311,1.2443835786692012,0.7949103784992283,1.11052211725175,1.1746811419552752,0.6690120775432011,1.0044474005419968,0.7899668525654111,0.8164274054158658,1.0264165557859257,1.200934095479132,1.0125165134635898,0.9730596622516599,0.8722986833837449,0.777986148198592,1.015150399817788
0.19868395790373092,1.1783707252497997,0.9313660468075351,0.9450619762762832,1.2457227963945472,1.1409776294353686,1.1307571144786326,0.9415996845643357,1.1095825008583322,1.0419561911126072,0.9103196388789417,0.9801570799966941,0.7892524353188626,0.9238777786052784,1.0325103377433034,0.9632910977200406,1.1381709846635029,1.2071398078943198,1.142485785867091,1.398803300537566,1.1560932852626773,0.8899586637261332,1.0833829879508843,0.9454425960594237,0.7592105645920005,0.9162950783047947,1.055610653577454,0.928310381252526,1.0522948185680712,0.8807649974504101,0.9103785240685226
0.20398219678340668,1.0609711809915543,0.9275007303248962,1.1118118087284057,0.9237217953960468,1.177701598885057,1.0908372586513537,0.9108577337462234,1.1774402530302421,1.2187324509374677,0.8201543350104677,1.135719363168323,0.9905292575275892,0.8960745261032125,1.0330663037517909,0.8702140520498142,1.1252918714565112,1.1452649745639123,0.9624858313492298,0.9949241388223362,1.0290201486674044,1.0348672396710832,0.91775422779366,0.9555501670824949,1.049050907759334,1.1140495440724443,1.0774737561169865,1.0381216940271802,1.1209907978145666,0.9293569800507113,0.8714185384674173
0.2092804356630824,0.9780013290541816,1.0966204792664878,1.0579992242285223,0.8193791741500729,1.0911963446736885,0.7486421662325784,1.0253897966558518,1.2281894937324764,0.9189427311155767,1.0994042664028825,0.9956832628715045,0.8050379570321066,1.1419537151564725,1.0730140930614507,1.1354026479476897,0.8894022207143668,0.9276491493919556,1.286785161070074,1.0415698316399005,1.0516444992993443,0.7741445957741064,0.9271760645602778,0.8959451997195229,1.1603265336666329,0.9587060943396649,1.0946916913992903,0.7441918522083102,1.0044824078248706,1.1438127288826851,0.9328541633238709
0.21457867454275814,0.9932632788556274,1.1214592138476387,0.9676920328927504,1.0529865007487302,1.050187775698562,1.1571395944420246,0.7645479049909559,1.123128183149936,1.1036142812262053,0.9655801444601001,1.1455656641058596,1.1004470995935287,0.9189568431567188,0.9462047790851666,0.9102204366467431,0.7963764485998498,1.143337107958945,0.9263814356566307,1.1992352603505845,0.9538588913749554,1.0164060522815097,0.8669848757586183,0.9790813560855539,0.9105111400131596,1.0943378114008986,0.8454683660839615,1.1396809711396017,1.0470071062058497,1.2793363095828671,0.9804110215133242
0.2198769134224339,0.8077880704598492,1.1027519745642267,1.0272491239703236,1.0441563631746744,0.8461146626272614,0.936912377384531,1.2345729117160646,1.0814866181668243,1.06857824222342,0.999070749103806,0.83200788720964,0.9458582424569452,1.1353347920675902,1.2423329798548643,1.0309819807078549,1.1703499544547815,0.9127006382114283,1.087865092424737,0.9614102684445698,0.945471571542302,0.979923314061336,0.9669846916109147,1.0524051133217118,0.9742735352544466,0.9914941024243048,1.1964396431209205,0.8679796345070062,0.9448160725242966,0.937781991790708,1.1344604616517957
0.22517515230210963,1.023209254907459,0.8905446592408579,1.0421274031421957,0.8787253300429884,1.1070753460247125,1.007918349985611,0.9947109920277047,1.0954580850872677,1.085691359535738,1.2870593491386177,0.9161970627178699,1.3782425670760476,1.2225081961086326,1.0416992316712683,0.8252645683267879,0.8703854628821227,1.0739266910471095,0.9335070670956482,1.0261932483134828,0.8828813853159175,1.1046596686333296,1.051383762288742,1.2446369911897595,0.607563656286682,0.9414988331198358,0.9095160178524185,0.9220749615539208,1.0953653325071233,1.1235079191774933,1.0503799572830894
0.2304733911817854,1.090130544568538,1.0855505575686601,0.9281923683391441,0.8257430534890943,1.0004751044096263,1.0606499522715456,0.764405277571669,0.9772281058003816,0.9803614191063744,0.9141909763550033,1.079148548456089,0.8710356096880099,1.0031877711696273,0.8731040209144343,0.9951989654919888,0.9427294029111035,0.9818979479010311,0.9163397357786425,1.0196851003621104,0.9770201869697982,0.8843976345694575,1.0670147335685045,1.0226426201321197,0.838443150674098,1.11070228357494,0.9576869820843267,0.9420371582017719,0.9287254988688805,1.0505965744588248,0.8827056195244392
0.23577163006146112,0.7234945806260007,0.8198023914804545,1.2564907375113694,0.6686930263121371,1.0356155450739477,1.157079145102836,0.8263286115935704,0.945647810549696,0.9696715964605787,1.0113396269484964,0.8515628414346468,1.121187670762341,0.9387701354161981,0.8762231214713132,0.784848475243568,1.0749913255542385,1.3506282486718877,1.021607001244326,1.2505573931524299,0.8134552559328523,0.9916270306284198,1.0974677195936013,1.033404105409614,0.7297015392255286,0.6711237857462756,1.101575931084837,0.9732453924973964,0.9855486977113503,0.8795314248982823,1.0100371381120485
0.2410698689411369,0.7258952038370269,0.8447392294846754,0.8325044588649244,0.9190411629192496,1.087405016859407,0.9610188190793139,0.8999011016740889,0.9903949927951629,1.250459463675556,1.1014285659990815,1.0828390067561022,0.9148868636498593,0.8139296433711668,1.0719631129975642,0.9961659917827855,0.9219812366842505,0.7948042677070244,1.0729200978787174,0.9824490543788107,1.0747397594716037,0.9823267460279891,1.149008803129055,0.9903444168320243,1.0135045046463367,0.9497436604948558,0.7811811026505041,0.9474723578141612,1.293853285026195,1.1283361219441128,1.0822706337554178
0.24636810782081264,1.0874016954747339,0.8234382601324401,0.9495627723310909,0.9928255625282318,0.808028538487231,0.9117826409043626,0.8989310026535712,1.0089604382557695,1.0237502837415644,0.8378966572394209,1.0784813726372586,0.9009310807987364,1.2031440776257385,0.9963469132798575,0.9473264437398481,1.0967912345674036,0.947081761260106,1.2158620791289247,0.9990272952916672,0.8908961355317291,0.9774460902486799,1.0309488306344827,0.7511367163803847,0.9805148209718101,0.9972665893388792,1.18370749073298,1.0217767480687199,1.1875792373634426,1.0832198794973935,0.8352110358151432
0.2516663467004884,1.0570122333396212,0.9807159684188933,1.0813636706460694,0.684584731580679,1.0643372197916576,0.9687763037079327,0.9823765255010729,0.6672099154719793,0.8510374341042286,0.7905543941829075,1.032389764918544,1.003806177644536,0.9386236426027901,0.8605241236177927,0.9489310845866614,0.9867149531690358,0.8517443520941402,1.0274090121315502,1.3909431749039678,1.03831230172595,1.1714148829706876,0.9025728293011698,0.9965611689120814,0.9862756736106378,1.0410137882409163,0.9183990742809489,0.953745556786922,0.9947999617592945,1.0228554561033767,0.9027364829254578
0.2569645855801641,0.8433228238636695,0.8883568759906606,0.9960893265333585,0.9489283038989756,1.1064690208593244,1.0166270448177985,0.8821809518221501,0.7761946722200652,0.7783962349772862,0.9624977127477232,0.8811598275655912,0.7800597308338918,1.0069143210108833,0.8169350708622405,0.8159221171311811,1.0015458571957045,0.9878252677563893,1.1721914100479258,1.127249338711239,0.8917028370769108,0.796558553118818,1.040292904455877,1.0078118160724474,0.9433273540119437,0.9183133634757054,0.9330496923061851,1.2684388668996578,0.8920288609817012,0.9677211124893736,1.3630555486223814
0.2622628244598399,1.1091192064061144,0.8097754031453424,1.0636789813620013,1.1291369704053686,0.8809851175963128,0.7604682146358667,1.018047500785135,0.9644525221128035,0.8606172732814782,0.8398842440501643,1.0009124960315197,1.0234658087332593,0.9395905406308483,0.8158263652669543,1.0274055216061615,1.0027228666254178,1.1533459853212462,0.9969174811273904,1.1372732600187336,0.8501425936626015,0.92495091245591,0.8597679203580343,1.319480777893402,1.1321812668959788,0.7432366947445709,1.3173214344584439,0.9702518872452656,0.9309690472459379,0.9885921089236647,1.038138768082513
0.2675610633395156,1.0225030230415966,0.932418285022663,0.7369607775569144,0.7079866122186357,0.7090370727724953,0.853281843413884,0.9405407706779266,0.9788383735963876,0.7972555546474385,1.1464522991883883,0.9805446207969537,0.8506378799199664,0.8897134819672606,0.9792409634899244,0.957985220387962,0.9411006100823223,0.922863510145666,0.9935574240783126,0.8605086709858495,1.1340727767764753,1.056549687286715,1.0047337131268048,0.9750509175070117,0.8401062844202786,1.0358858144478464,0.7947896834846279,1.0366761180235766,1.2282540778925473,1.1806215071223767,1.0290381362690382
0.2728593022191914,0.7643763102010536,0.8033648707547089,0.9021698174016447,1.0023905403393722,1.1951929370520709,0.9102979709205345,0.8529559318391651,0.9412356587974589,0.8521033079977967,1.0162074689317973,0.9967510509435731,1.0053886273705632,0.9799344068060906,0.8890549638343997,0.8079859693230261,0.8959124630823201,1.146663894615689,0.8255009893639164,0.8594956021131112,1.0715140893743096,0.9023482550811969,0.9618101878146569,1.0391104792387744,0.9903860992645168,0.8396341166736647,0.7658102895486316,0.7439465264667089,1.027750395810883,1.139058288372295,0.8885526177752316
0.2781575410988671,1.0222230053359533,0.8738679622474578,0.9421401574834642,1.0061693460961554,1.0213251368014107,0.8545913857612064,0.8650724389486376,0.7980017121877656,0.8068000461976306,1.081453742211792,0.7522215172103038,1.0171889509103194,0.7725611553077991,0.7293696120874205,0.6882998434959232,1.0768081982461468,0.6419762746405436,0.900537308834865,1.1261145630331277,0.9369394404833378,0.8801445901024976,0.9648681977028817,0.9954979077650232,1.0773512595724635,1.0743611012490926,1.04902624465769,0.9934845339533995,1.1051523045450244,1.2371934037936456,0.836081251241172
0.2834557799785429,1.050026189052535,0.9058963344697842,1.103909718675734,0.8676592643648632,1.0071841880389645,0.9205079523605378,0.8820358957115151,1.0295790152679551,0.9128307903579198,1.0850194702742186,0.869921258006177,0.6766715752505362,1.1808035426143089,1.001939719664633,0.9426028508714644,0.9328929568891943,1.200607077366769,1.0388576918213488,1.160213360339234,1.1214198433405407,0.6839159145591214,0.9832871498373319,0.848423276513038,0.9767329102537293,1.041307374803036,0.8672415888509645,0.8925413035047427,0.9303230494626498,1.0452048011379322,1.0744309087706427
0.2887540188582186,0.9084567550287379,0.8827522509275451,0.8506326611268229,0.9957226655244551,0.9556926508829517,0.9772210826911161,0.9753189154568852,0.8796770086858788,1.0164769582422863,0.9779088880068703,1.3375042092056917,0.8608069374992932,0.8807367834387368,0.6259930257086634,0.8117728811233199,1.1588964895632476,1.1466823096800072,1.2332050130946812,0.9874160598964151,1.0468767796536451,0.7940257728855313,0.8679373914898343,1.1482233191471416,0.9882239432598172,0.9897901115683767,0.8757511211478657,1.2566082429668728,0.9387769859401731,1.1997514761627277,0.739458682060649
0.29405225773789434,1.0283671922410096,0.8368791851739875,0.9580041332197945,0.8245092913947993,0.8863291211211692,0.9691863682306434,0.9650456633039741,1.0669697628774542,1.1071407475573194,0.9214419272953289,0.9235210256373696,0.9577708018771265,0.9569604457764908,0.8703596233458547,0.6675979914775716,1.2910440775363554,1.1798881099207608,0.882709505571481,1.2289706892277275,1.0533315188477574,0.8796376876105427,0.7512407959032874,1.0975251880393266,0.8929877496272532,1.1915909200254842,0.9739212773456082,1.024532306059504,1.0484625725258376,0.8761659641401541,0.9023628101435194
0.29935049661757007,1.0126658789200524,0.8157065235126757,1.2164105473030555,1.0332955554146876,0.8916355861698859,1.142526157158058,0.7087684257046188,1.1114115820745587,1.0864931559566857,0.9874354146543062,0.9022915551452069,0.886082469092168,0.9760784587930046,1.1701678510350633,0.9201561131034532,1.0047569824454032,0.971534455278912,1.1560843144050028,1.049424372594216,1.1402231853344502,0.9282546894911933,0.9503322977294286,1.1025962898648496,0.9565546953509133,1.14631754638495,1.0394186065338271,1.107723323178569,1.1402680732154546,1.1332862353546431,1.021556606941278
0.30464873549724586,0.9249196110300211,1.126907113001263,1.034897687078397,1.1937121991910116,1.0025574995135917,0.9160002673776,0.9347904615504183,1.09191978625588,1.0845636362176234,1.0076736356509084,0.8805297326068259,1.0397158487165257,0.9553873178083934,1.0820117361457553,1.021054747431216,0.8829075802647889,0.8035159904083828,0.8797623713997941,0.9914898879169098,0.89118571657384,0.972432311052528,1.2122341692626764,0.882053083620273,1.0931695969390298,0.8593139605006586,0.9690580010777083,1.1664408908213106,1.3000615461480558,1.2813765951132483,0.9124101512858108
0.30994697437692154,1.201633395839734,0.7266069016777015,1.049984460214389,0.9496962574711867,1.0028838109442963,1.0624889778382072,0.821076673910939,0.7568867296604121,1.0426406725863206,0.9003991437800422,1.0715050623779603,1.0298407700775738,1.1639828367001015,0.7005567238959389,1.1144322174497152,1.2027732207016981,0.9472505960161254,1.1712951452539688,1.0835856054742006,0.9160760721710136,0.9048668819430149,0.8049874687804643,1.1819414402712234,0.738077168128433,0.7599101389779839,1.0725899259248817,1.2642344615157957,0.895275352234573,1.0497904823840525,0.978482710377243
0.3152452132565973,0.9804728580236617,1.0390494669466572,0.9921696981298727,0.9195245511653427,0.9545044376583143,1.0500653495746537,1.2487381795025765,1.1951378377711024,1.1733219681034313,1.0305437779705304,0.9520666557490023,0.9548178425889872,0.7584378753587881,0.9017374725492946,1.080937831089616,0.8678341852316201,0.931136505753298,1.075747128510924,1.2926724887173078,0.9009101885443798,1.0480832821419808,0.9985202344580177,0.8181808983528227,0.979503742949862,1.1729071059578584,0.8211608658680094,0.7465729206611422,0.8695715313415664,0.9862981990710049,1.0397332221760047
0.32054345213627305,0.7721385842821727,0.8996600517831103,1.1588488856028423,0.7424204950934236,0.8873423826644776,1.2383422911033852,1.0351667437489065,1.0297598744380891,0.9889448958184575,0.8928978895964377,1.0611920722050776,1.091040275217671,1.0548821807985984,0.8801068915108727,0.961785754206751,0.9164358395054074,0.9838482999123324,0.9873768143934174,0.7255843697459676,0.9337549857119953,1.1337073451636015,1.0985997771672915,1.0761149543072743,0.9242277067984673,1.29064494237476,1.177663551317751,1.0525313307353463,0.8555166756237712,1.0923280002940383,0.8041770464224233
0.32584169101594884,0.9909267440467195,0.9133949616575344,0.7621058228872591,1.2487617438952,1.0249660261992055,1.3323493585545456,1.0167775540970623,1.2528001730229845,0.9607651817126273,1.1688507313872378,1.0723088457886891,0.9985048949854857,1.195295532687263,1.125609826231887,0.8858535667398622,1.2440784930856947,0.7613612293540377,1.2313175617979535,1.0709030584030945,1.2179634333592082,1.0394277229366826,1.0641516138404292,1.284100561502937,0.9908812964560291,0.8984365702972227,0.7649275410423305,1.0581606555899024,1.17495502710292,1.032984351913294,0.9077782502328523
0.3311399298956245,1.203743261724155,0.7722100479812073,0.8980003829955137,1.247349642371367,0.8538101261474277,0.9720812866362983,0.7913927765630054,1.0088925816057088,1.1149943306789745,0.9257500415032401,1.1024510743288616,0.9183102083019745,0.9570965894871529,1.0448770508054934,0.9740393470335968,0.8773699181657884,1.2215876695955694,0.8518681769411083,0.8616727884860539,0.9313234097008313,1.0743302556973409,1.0116191463408188,0.8715281319361926,1.2299803644324443,1.0315874590677387,1.017078441008402,1.1434223115609465,1.1424187677687008,0.9181306823197116,0.9484865468333719
0.3364381687753003,0.8661979840860818,0.9960377451932491,0.9265962544334789,0.9349615111042878,0.7875411505558804,1.0270719194170095,0.790566520187287,1.0783844354860737,0.9619584190695567,1.1032435695345004,1.0524617928566489,1.1074145788167344,0.9412861114668726,1.1739150856985618,1.2580352735254081,1.084657527407758,1.2194834812302398,0.8961474369222507,0.8511303249055594,0.9007746789762017,0.841950019866698,0.9565994392773782,0.9265515808390347,0.942072493360455,0.8689968533570694,1.2282973233455161,0.9418682016387497,0.8115021764161782,0.8370659960373616,0.9672518019071398
